target,horizon,spatial_fold,temporal_fold,n_train,n_val,rmse,mae,mape,r2,n,KEN_mape,SOM_mape
c_food_price_index,1,0,0,4248,5472,0.1331253222106219,0.08165515298582873,0.06895965661961391,0.35279473615044066,5472,0.06497523505309823,0.14067924481689623
c_food_price_index,1,0,1,8568,3192,0.08868209487208059,0.059559633832401905,0.04990236808613859,0.7184463060468609,3192,0.04667067711275434,0.1080728056070553
c_food_price_index,1,0,2,12888,912,0.052154731520599684,0.04249222970060305,0.03302117087344376,0.7212551609151571,912,0.03372309179087032,0.02038659435976561
c_food_price_index,1,1,0,4661,4464,0.230289739323389,0.14843433514557858,0.11107782026899342,0.24912526736801244,4464,0.04528606407102711,0.13799262962270692
c_food_price_index,1,1,1,9401,2604,0.19653734960868138,0.14463724037194584,0.10115598264239017,0.29674414915784386,2604,0.030861095818313207,0.1299129817976944
c_food_price_index,1,1,2,14141,744,0.03890625486286458,0.03025891336702532,0.021303154547140653,0.9345334781925091,744,0.027713937549781645,0.0186805615006057
c_food_price_index,1,2,0,3953,6192,0.1675810401560545,0.10975502305184767,0.09527620016083908,-0.16325097832772162,6192,0.09527620016083908,
c_food_price_index,1,2,1,7973,3612,0.07208680157436581,0.04870300667802537,0.04249930473360562,0.8046682234740705,3612,0.04249930473360562,
c_food_price_index,1,2,2,11993,1032,0.06018537420962154,0.050173473276305176,0.03962688877528746,0.5994860414206548,1032,0.03962688877528746,
c_food_price_index,1,3,0,5487,2448,0.4124466658981485,0.29663571438271236,0.19047517393550328,-0.3362271091259914,2448,,0.19047517393550328
c_food_price_index,1,3,1,11067,1428,0.44009153505699067,0.37447265633514953,0.22624404691239938,-1.6475632493130208,1428,,0.22624404691239938
c_food_price_index,1,3,2,16647,408,0.21967974628393547,0.19108618758472742,0.10795590306390278,-2.1359774075120916,408,,0.10795590306390278
c_food_price_index,1,4,0,5664,2016,0.34534996351218006,0.24501204062903684,0.1648861234609609,-0.19893809660490858,2016,,0.1648861234609609
c_food_price_index,1,4,1,11424,1176,0.3279660514313946,0.27319821287174617,0.173328964880139,-0.8828389133717243,1176,,0.173328964880139
c_food_price_index,1,4,2,17184,336,0.0501910958957507,0.04166474281322388,0.025715973280786664,0.7131763124026704,336,,0.025715973280786664
c_food_price_index,2,0,0,4248,5472,0.1605024274510193,0.10717266702996393,0.0916648941613103,0.059229031031029056,5472,0.08759848113505293,0.16486032863394234
c_food_price_index,2,0,1,8568,3192,0.12129039644017049,0.08680308642207701,0.07310313033316611,0.47332564319130466,3192,0.06923298430658018,0.14276575881171275
c_food_price_index,2,0,2,12888,912,0.0743846929600889,0.06029492976068951,0.04693787318557356,0.4329954337206292,912,0.04798727823278269,0.02804858233580949
c_food_price_index,2,1,0,4661,4464,0.2634120533141884,0.1769438074198034,0.1343433586497575,0.0175971779584847,4464,0.0628919378857844,0.16357348532592833
c_food_price_index,2,1,1,9401,2604,0.2382457695491073,0.18157162351359238,0.12842379474347296,-0.03341214052293928,2604,0.04943915068009792,0.160735694587581
c_food_price_index,2,1,2,14141,744,0.0581514018576114,0.0466069725187876,0.03299045764833595,0.8537483446138133,744,0.04545774711930353,0.027890202864758296
c_food_price_index,2,2,0,3953,6192,0.17905538896730017,0.12084170248393822,0.1058260123583846,-0.32800116417182035,6192,0.1058260123583846,
c_food_price_index,2,2,1,7973,3612,0.09904798325232184,0.07363810080855933,0.06474765394805608,0.6312324815039818,3612,0.06474765394805608,
c_food_price_index,2,2,2,11993,1032,0.08168991270798152,0.06949227038345993,0.055272834688921926,0.2621423399773978,1032,0.055272834688921926,
c_food_price_index,2,3,0,5487,2448,0.43859706220115163,0.3233020132877468,0.21056665649938547,-0.511040555268423,2448,,0.21056665649938547
c_food_price_index,2,3,1,11067,1428,0.5104122795046839,0.44667255917684046,0.2732969353712787,-2.561250652605418,1428,,0.2732969353712787
c_food_price_index,2,3,2,16647,408,0.25265963373427786,0.2224288615876553,0.1259714546440828,-3.1482470506780604,408,,0.1259714546440828
c_food_price_index,2,4,0,5664,2016,0.3777260342140392,0.2743536193550579,0.1867189172253382,-0.43427282272086876,2016,,0.1867189172253382
c_food_price_index,2,4,1,11424,1176,0.3693854350746757,0.3147348133216099,0.20135647688550434,-1.388443198535636,1176,,0.20135647688550434
c_food_price_index,2,4,2,17184,336,0.06036561233062439,0.04949811881496794,0.030548327645030553,0.5851024416613662,336,,0.030548327645030553
c_food_price_index,3,0,0,4248,5472,0.19023438518856123,0.13202300356858945,0.11333700090584704,-0.32159606013630526,5472,0.10923694854665052,0.18713794337138495
c_food_price_index,3,0,1,8568,3192,0.14209088488101265,0.10609758704807315,0.08980105071573002,0.27719394807870834,3192,0.08569290390146313,0.16374769337253398
c_food_price_index,3,0,2,12888,912,0.09909457009398283,0.08213715262756278,0.06378014225905723,-0.006280652732839176,912,0.0650955481361197,0.0401028364719327
c_food_price_index,3,1,0,4661,4464,0.28248988020298177,0.19408506276680149,0.1484730106006401,-0.12985861881314653,4464,0.0766289140556055,0.1778637773690634
c_food_price_index,3,1,1,9401,2604,0.2765970811137884,0.2135830501266705,0.1514534812806551,-0.39289490346938716,2604,0.06158694118585997,0.18821706586488948
c_food_price_index,3,1,2,14141,744,0.0795519926380918,0.06554621544576461,0.04629718010520406,0.7262951218008207,744,0.06264945697900813,0.03960761229319332
c_food_price_index,3,2,0,3953,6192,0.1933516621768832,0.13364615687833295,0.11771646569866702,-0.5485294986609439,6192,0.11771646569866702,
c_food_price_index,3,2,1,7973,3612,0.12458158168743774,0.09497239963790487,0.0835923691589671,0.4165964502207392,3612,0.0835923691589671,
c_food_price_index,3,2,2,11993,1032,0.11187211929538882,0.09649573794939105,0.07623111140248118,-0.38381953479844677,1032,0.07623111140248118,
c_food_price_index,3,3,0,5487,2448,0.471848048873319,0.358238235200737,0.23660312239359593,-0.7488357032451125,2448,,0.23660312239359593
c_food_price_index,3,3,1,11067,1428,0.5235379094264098,0.46346084611589505,0.2851324083610931,-2.746766103254865,1428,,0.2851324083610931
c_food_price_index,3,3,2,16647,408,0.26929508377572114,0.23708538425903697,0.1344561332142026,-3.7124823726890437,408,,0.1344561332142026
c_food_price_index,3,4,0,5664,2016,0.3986724063342276,0.2962892994781335,0.20358554646636362,-0.5977553716656003,2016,,0.20358554646636362
c_food_price_index,3,4,1,11424,1176,0.399322047267445,0.3453640963431118,0.22210595650334755,-1.7912707280952054,1176,,0.22210595650334755
c_food_price_index,3,4,2,17184,336,0.08217753205943207,0.06735033875419981,0.041594139847942926,0.23110356503280305,336,,0.041594139847942926
c_maize_fao,1,0,0,4248,5472,7091.97717639903,3859.5201800968143,0.08649731970566653,0.4419254928146257,5472,0.08639816104472929,0.08828217560253669
c_maize_fao,1,0,1,8568,3192,4700.614181848581,2773.0702720833383,0.06112089192708046,0.7957704825151264,3192,0.06056930100623242,0.07104952850234499
c_maize_fao,1,0,2,12888,912,4712.631475785702,3412.819450058115,0.06396094125442933,0.7660016276890866,912,0.06414934058895919,0.06056975323289162
c_maize_fao,1,1,0,4661,4464,6810.247073587984,3463.87653522013,0.12238359352809085,0.825941895750071,4464,0.19330135466685755,0.09337178215314082
c_maize_fao,1,1,1,9401,2604,5353.959548292463,2719.333898520755,0.09536457680000529,0.9080581406083009,2604,0.13039713795058097,0.08103307451113341
c_maize_fao,1,1,2,14141,744,6669.022971560853,3976.7581845913137,0.1075890553136028,0.8951343239065063,744,0.18861178611147125,0.07444339271447481
c_maize_fao,1,2,0,3953,6192,8736.1081846344,4972.808918498487,0.10340740228234166,0.03964773284096346,6192,0.10340740228234166,
c_maize_fao,1,2,1,7973,3612,6938.5400389854385,4134.305230217713,0.0809155953217776,0.5063926333765049,3612,0.0809155953217776,
c_maize_fao,1,2,2,11993,1032,6754.460932374766,5227.402157339156,0.08862441972047783,-0.11427603635739247,1032,0.08862441972047783,
c_maize_fao,1,3,0,5487,2448,1074.6973452557816,767.5404740556705,0.07023768626894562,0.950273322847305,2448,,0.07023768626894562
c_maize_fao,1,3,1,11067,1428,943.880992926839,699.961386759782,0.060254001166170044,0.963842867592616,1428,,0.060254001166170044
c_maize_fao,1,3,2,16647,408,1182.5309409026006,874.9429965150122,0.06514102163382235,0.9529431397725437,408,,0.06514102163382235
c_maize_fao,1,4,0,5664,2016,1244.952048329545,928.7515937199668,0.07531800589168054,0.907440491503789,2016,,0.07531800589168054
c_maize_fao,1,4,1,11424,1176,1083.2420696516622,797.9608072086256,0.06069127650210128,0.922051935044181,1176,,0.06069127650210128
c_maize_fao,1,4,2,17184,336,1205.539035215893,867.5575254603793,0.05753709614369766,0.9043416484384608,336,,0.05753709614369766
c_maize_fao,2,0,0,4248,5472,7774.560941970436,4520.416441097443,0.10367435124417158,0.3293293976289111,5472,0.10309246156145976,0.11414836553298444
c_maize_fao,2,0,1,8568,3192,5586.589491152696,3578.0108967625965,0.08137600048146211,0.7115285626964409,3192,0.07991701034178199,0.1076378229957041
c_maize_fao,2,0,2,12888,912,5998.110731591781,4521.299672586278,0.0859826158409046,0.620933997484963,912,0.08500146108281302,0.10364340148655339
c_maize_fao,2,1,0,4661,4464,7412.875816296694,4056.9053322697027,0.15707658403176922,0.7937746914954515,4464,0.2163439592815703,0.13283083961139605
c_maize_fao,2,1,1,9401,2604,6484.389531864809,3578.81778344314,0.133801098823778,0.8651343644352426,2604,0.16698172195084526,0.12022720754452319
c_maize_fao,2,1,2,14141,744,8098.5982625446895,5028.623010516423,0.14395048391454993,0.8453575767671677,744,0.23118356185282463,0.108264224757983
c_maize_fao,2,2,0,3953,6192,9302.854872353226,5591.015247802985,0.1192204297702124,-0.08899792102432147,6192,0.1192204297702124,
c_maize_fao,2,2,1,7973,3612,7651.860488013858,4828.449872296202,0.09693357295899771,0.3996845490378007,3612,0.09693357295899771,
c_maize_fao,2,2,2,11993,1032,7964.2625586288505,6391.02860097178,0.10914091417515237,-0.5491823506391746,1032,0.10914091417515237,
c_maize_fao,2,3,0,5487,2448,1489.837394682353,1068.2513946333743,0.09543969471849219,0.9044358878862289,2448,,0.09543969471849219
c_maize_fao,2,3,1,11067,1428,1748.7655940967584,1286.629345347514,0.11256588703583174,0.8758854495449074,1428,,0.11256588703583174
c_maize_fao,2,3,2,16647,408,2034.5135727368904,1496.960903080959,0.1085802027571993,0.860710267728014,408,,0.1085802027571993
c_maize_fao,2,4,0,5664,2016,1700.9223191924539,1252.931943204365,0.09945635505059303,0.8272234684269671,2016,,0.09945635505059303
c_maize_fao,2,4,1,11424,1176,1759.93548610857,1270.8248346819196,0.09294815872253191,0.7942462315451468,1176,,0.09294815872253191
c_maize_fao,2,4,2,17184,336,1991.0300765810412,1521.1518475632442,0.09936592309402352,0.7390748276567802,336,,0.09936592309402352
c_maize_fao,3,0,0,4248,5472,8287.587564045374,4968.770401483309,0.11587666285610383,0.2378967986044097,5472,0.11393354772140575,0.15085273528066867
c_maize_fao,3,0,1,8568,3192,6396.376380632234,4369.323792915953,0.10133697873756106,0.6218384929213596,3192,0.09888381617048708,0.14549390494489287
c_maize_fao,3,0,2,12888,912,6890.991014587255,5187.038876367351,0.09887545754387074,0.4996784094525337,912,0.0966263948537397,0.13935858596622935
c_maize_fao,3,1,0,4661,4464,7627.777004794874,4396.554135895322,0.18233058104681654,0.781644322369744,4464,0.2230847555498841,0.16565841875010706
c_maize_fao,3,1,1,9401,2604,6502.750032709121,3749.333218928511,0.1498309669651492,0.8643695410774525,2604,0.1669008564158019,0.14284783037170035
c_maize_fao,3,1,2,14141,744,9020.151343285057,5646.807906192246,0.16706100581003758,0.808161140792644,744,0.2541468393043632,0.13143498301690434
c_maize_fao,3,2,0,3953,6192,9713.67197201457,5967.138898678747,0.128657392528341,-0.187302618700236,6192,0.128657392528341,
c_maize_fao,3,2,1,7973,3612,8075.881691426142,5285.673332172905,0.10818813575927876,0.33130922609200897,3612,0.10818813575927876,
c_maize_fao,3,2,2,11993,1032,8732.455425550306,7162.540406205299,0.12305610661200642,-0.8624480063896165,1032,0.12305610661200642,
c_maize_fao,3,3,0,5487,2448,2557.0245871072207,1807.8377727433747,0.15608916250089738,0.7184944927910089,2448,,0.15608916250089738
c_maize_fao,3,3,1,11067,1428,2209.4616664340747,1682.5276647709866,0.14771456668021593,0.8018781200345241,1428,,0.14771456668021593
c_maize_fao,3,3,2,16647,408,2561.90207586514,1916.6356502278643,0.13985859072125384,0.7791369974948883,408,,0.13985859072125384
c_maize_fao,3,4,0,5664,2016,2323.475943175448,1698.5769043550038,0.12901487867168873,0.6776021387457705,2016,,0.12901487867168873
c_maize_fao,3,4,1,11424,1176,2130.6444470574006,1606.7632198992876,0.11878001485508721,0.6984382416721551,1176,,0.11878001485508721
c_maize_fao,3,4,2,17184,336,2554.0728457548485,2035.8131716192333,0.13211608191230192,0.5706347451494453,336,,0.13211608191230192
c_sorghum,1,0,0,4248,5472,540.8906729458679,335.2533782699898,0.057459694850225056,0.9505106016522351,5472,0.05561139412903731,0.09072910783160418
c_sorghum,1,0,1,8568,3192,599.8596260149748,369.7938297398324,0.0557991867217283,0.9519656697771612,3192,0.05406208632885085,0.08706699379352245
c_sorghum,1,0,2,12888,912,675.9315264894988,364.60778489633645,0.03923533846586015,0.9489521340664687,912,0.0364558112809724,0.08926682779383961
c_sorghum,1,1,0,4661,4464,2150.7974600016532,957.9194979114601,0.08014371329669347,0.8952791454449196,4464,0.036724726117039884,0.09790602623382448
c_sorghum,1,1,1,9401,2604,2302.9820707460926,1074.7297833223824,0.07757682558158704,0.9069292964415767,2604,0.03344447492244966,0.09563096903305233
c_sorghum,1,1,2,14141,744,2687.935909351337,1517.956675670993,0.09163160217228383,0.8987325963816737,744,0.05178456789953053,0.1079326616475011
c_sorghum,1,2,0,3953,6192,323.71222759157416,224.65509061719243,0.04531137788612816,0.9504472586677069,6192,0.04531137788612816,
c_sorghum,1,2,1,7973,3612,367.9615104983001,277.08336795968285,0.05233937916299244,0.9413709331538533,3612,0.05233937916299244,
c_sorghum,1,2,2,11993,1032,388.0976601195518,298.7491362123242,0.04200055854293861,0.8645306935144176,1032,0.04200055854293861,
c_sorghum,1,3,0,5487,2448,8791.292357263683,4731.087974155401,0.1689926088502077,0.33304668645826374,2448,,0.1689926088502077
c_sorghum,1,3,1,11067,1428,11323.058392321442,6995.433666957993,0.21613438272219945,0.0697938037201733,1428,,0.21613438272219945
c_sorghum,1,3,2,16647,408,11654.378345208881,7751.166043868718,0.1953862684744405,0.25829927294232435,408,,0.1953862684744405
c_sorghum,1,4,0,5664,2016,3406.144466244217,1554.924947044736,0.09024424477538187,0.766312723356608,2016,,0.09024424477538187
c_sorghum,1,4,1,11424,1176,3700.5576265394075,1808.768499315742,0.0910901138686809,0.7669757416741749,1176,,0.0910901138686809
c_sorghum,1,4,2,17184,336,3121.5625867020217,1960.5185861932662,0.08799216490013372,0.8869546995793081,336,,0.08799216490013372
c_sorghum,2,0,0,4248,5472,849.6629530042322,521.3027153874008,0.08488595181839788,0.8778800679444746,5472,0.0827850892461042,0.12270147811968382
c_sorghum,2,0,1,8568,3192,985.6977344574042,671.3952988261243,0.10290639070741765,0.8702999954564079,3192,0.10151699152626503,0.12791557596816508
c_sorghum,2,0,2,12888,912,989.2615931849621,641.3219176590701,0.07089134411539072,0.890656119666182,912,0.06807476772909933,0.12158971906863551
c_sorghum,2,1,0,4661,4464,2857.8839914094424,1394.796812219107,0.1177779649031745,0.8151057781697222,4464,0.05495111722024129,0.14347985713710174
c_sorghum,2,1,1,9401,2604,2975.1020520386005,1575.4213987570201,0.11954758316413373,0.8446770543716108,2604,0.06736743997973414,0.14089400537593355
c_sorghum,2,1,2,14141,744,3472.856257773789,2108.686395434308,0.13219845564953814,0.8309537764972891,744,0.0847444888032804,0.15161144208664354
c_sorghum,2,2,0,3953,6192,551.088017306287,372.6644682180146,0.07307952291466314,0.8563877744246395,6192,0.07307952291466314,
c_sorghum,2,2,1,7973,3612,632.5323126797615,470.84996254652185,0.0883800050624192,0.8267498464047967,3612,0.0883800050624192,
c_sorghum,2,2,2,11993,1032,639.6829758779797,480.85151897946275,0.06700057775718199,0.6319655740575909,1032,0.06700057775718199,
c_sorghum,2,3,0,5487,2448,10433.604648025015,6435.717939425202,0.25268899549264,0.06058229404120563,2448,,0.25268899549264
c_sorghum,2,3,1,11067,1428,12403.035110168517,8140.40014198453,0.2666418462909895,-0.11611175035231991,1428,,0.2666418462909895
c_sorghum,2,3,2,16647,408,12278.44712052746,8517.131190640317,0.22424210148453935,0.17673933130096797,408,,0.22424210148453935
c_sorghum,2,4,0,5664,2016,4199.467132411776,2260.1725924440416,0.13655986422305735,0.6447800795725179,2016,,0.13655986422305735
c_sorghum,2,4,1,11424,1176,4589.053579948055,2503.405144217355,0.13094747374112736,0.6416453469700261,1176,,0.13094747374112736
c_sorghum,2,4,2,17184,336,3549.290628742581,2524.908993326823,0.12056263584450373,0.8538524486172713,336,,0.12056263584450373
c_sorghum,3,0,0,4248,5472,1208.1280747051132,732.9098211877678,0.11743670309287316,0.7531011073034062,5472,0.11545733888722048,0.1530652587946212
c_sorghum,3,0,1,8568,3192,1470.4359282088938,1009.2425919935996,0.15423745432620453,0.7113678623925397,3192,0.1533067745942721,0.17098968950098845
c_sorghum,3,0,2,12888,912,1261.0246054069112,827.361292200975,0.09253647128358745,0.8223278710500919,912,0.08951332688704673,0.14695307042132036
c_sorghum,3,1,0,4661,4464,3454.198964908366,1816.4828931429738,0.15515350265538547,0.7298973487698476,4464,0.08795248273196987,0.18264482898769183
c_sorghum,3,1,1,9401,2604,3720.560374670996,2049.177642685382,0.1556676556201141,0.757088209121791,2604,0.09583337664436539,0.18014531520110216
c_sorghum,3,1,2,14141,744,4168.057711612022,2598.2346638209847,0.1676896736743328,0.756499810205022,744,0.1205944242700202,0.1869559120670061
c_sorghum,3,2,0,3953,6192,822.6865770465031,520.925275212604,0.09860463469333582,0.679949655148591,6192,0.09860463469333582,
c_sorghum,3,2,1,7973,3612,1030.5967217522764,712.8129654898564,0.12915556847542284,0.5400763849288275,3612,0.12915556847542284,
c_sorghum,3,2,2,11993,1032,770.4414368573179,607.959100946666,0.08552904981108181,0.46612679546704416,1032,0.08552904981108181,
c_sorghum,3,3,0,5487,2448,11442.95273145869,7594.163612363727,0.31138350529976183,-0.12996813520609862,2448,,0.31138350529976183
c_sorghum,3,3,1,11067,1428,12758.701990635172,8544.341355247176,0.28615416368894425,-0.18104031173373691,1428,,0.28615416368894425
c_sorghum,3,3,2,16647,408,13420.736799157328,9474.31788440181,0.2551980287679745,0.01643470197278396,408,,0.2551980287679745
c_sorghum,3,4,0,5664,2016,4922.128424701992,2899.1234024386936,0.173385717924059,0.5120056192025493,2016,,0.173385717924059
c_sorghum,3,4,1,11424,1176,5325.114220818606,3183.829391234521,0.16923646194242908,0.5174696369687256,1176,,0.16923646194242908
c_sorghum,3,4,2,17184,336,4313.434730556499,3248.0400513857885,0.1590315435137666,0.7841485948147859,336,,0.1590315435137666
